{
    "text": " Yeah bro, we gotta wait till this epidemic bullshit is over. Yeah, I'll see you later in like two months.",
    "segments": [
        {
            "id": 0,
            "seek": 0,
            "start": 0.0,
            "end": 4.24,
            "text": " Yeah bro, we gotta wait till this epidemic bullshit is over.",
            "tokens": [
                50364,
                865,
                2006,
                11,
                321,
                3428,
                1699,
                4288,
                341,
                20982,
                22676,
                307,
                670,
                13,
                50576,
                50576,
                865,
                11,
                286,
                603,
                536,
                291,
                1780,
                294,
                411,
                732,
                2493,
                13,
                50770
            ],
            "temperature": 0.0,
            "avg_logprob": -0.6434128443400066,
            "compression_ratio": 1.141304347826087,
            "no_speech_prob": 0.06376976519823074
        },
        {
            "id": 1,
            "seek": 424,
            "start": 4.24,
            "end": 28.240000000000002,
            "text": " Yeah, I'll see you later in like two months.",
            "tokens": [
                50364,
                865,
                11,
                286,
                603,
                536,
                291,
                1780,
                294,
                411,
                732,
                2493,
                13,
                51564
            ],
            "temperature": 0.0,
            "avg_logprob": -0.5427055994669596,
            "compression_ratio": 0.8461538461538461,
            "no_speech_prob": 0.011895932257175446
        }
    ],
    "language": "en"
}